{"cameraMode":{"drawMode":0,"name":"Shaded","section":"Shading Mode"},"sceneLighting":false,"audioPlay":false,"sceneViewState":{"m_AlwaysRefresh":false,"showFog":false,"showSkybox":false,"showFlares":false,"showImageEffects":false,"showParticleSystems":false,"showVisualEffectGraphs":true,"m_FxEnabled":true},"in2DMode":false,"pivot":{"x":0.6499999761581421,"y":0.17800000309944154,"z":0.30799999833106997},"rotation":{"x":-0.004656036850064993,"y":-0.6307260990142822,"z":-0.003784329630434513,"w":0.7759868502616882},"size":0.04026991128921509,"orthographic":true}