{"cameraMode":{"drawMode":0,"name":"Shaded","section":"Shading Mode"},"sceneLighting":false,"audioPlay":false,"sceneViewState":{"showFog":false,"showMaterialUpdate":false,"showSkybox":false,"showFlares":false,"showImageEffects":false,"showParticleSystems":false},"in2DMode":false,"pivot":{"x":-0.5683094263076782,"y":0.3905365467071533,"z":0.005661964416503906},"rotation":{"x":-0.06503182649612427,"y":0.9334956407546997,"z":-0.2750125825405121,"w":-0.22074264287948609},"size":2.085836410522461,"orthographic":false}