{"cameraMode":{"drawMode":0,"name":"Shaded","section":"Shading Mode"},"sceneLighting":false,"audioPlay":false,"sceneViewState":{"showFog":false,"showMaterialUpdate":false,"showSkybox":false,"showFlares":false,"showImageEffects":false,"showParticleSystems":false},"in2DMode":false,"pivot":{"x":2.1827192306518556,"y":-0.7508386969566345,"z":-0.01972125470638275},"rotation":{"x":-0.10931220650672913,"y":-0.7119690775871277,"z":0.11372203379869461,"w":-0.684285581111908},"size":2.294435977935791,"orthographic":false}