{"cameraMode":{"drawMode":0,"name":"Shaded","section":"Shading Mode"},"sceneLighting":false,"audioPlay":false,"sceneViewState":{"showFog":false,"showMaterialUpdate":false,"showSkybox":false,"showFlares":false,"showImageEffects":false,"showParticleSystems":false},"in2DMode":false,"pivot":{"x":-4.470348358154297e-8,"y":0.25,"z":-0.0009432807564735413},"rotation":{"x":0.13859790563583375,"y":-0.8335164785385132,"z":0.24230389297008515,"w":0.4768102765083313},"size":0.3709479868412018,"orthographic":false}