{"cameraMode":{"drawMode":0,"name":"Shaded","section":"Shading Mode"},"sceneLighting":false,"audioPlay":false,"sceneViewState":{"showFog":false,"showMaterialUpdate":false,"showSkybox":false,"showFlares":false,"showImageEffects":false,"showParticleSystems":false},"in2DMode":false,"pivot":{"x":-0.7026112675666809,"y":-0.6726760864257813,"z":-1.5799174308776856},"rotation":{"x":0.021368611603975297,"y":-0.978256344795227,"z":0.15778182446956635,"w":0.13314858078956605},"size":3.5018415451049806,"orthographic":false}