{"cameraMode":{"drawMode":0,"name":"Shaded","section":"Shading Mode"},"sceneLighting":true,"audioPlay":false,"sceneViewState":{"showFog":false,"showMaterialUpdate":false,"showSkybox":false,"showFlares":false,"showImageEffects":false,"showParticleSystems":false},"in2DMode":false,"pivot":{"x":4.040393352508545,"y":0.12721702456474305,"z":0.7150048613548279},"rotation":{"x":0.11073684692382813,"y":0.5631849765777588,"z":-0.07649815827608109,"w":0.8153076767921448},"size":3.3000054359436037,"orthographic":false}