{"cameraMode":{"drawMode":0,"name":"Shaded","section":"Shading Mode"},"sceneLighting":false,"audioPlay":false,"sceneViewState":{"showFog":false,"showMaterialUpdate":false,"showSkybox":false,"showFlares":false,"showImageEffects":false,"showParticleSystems":false},"in2DMode":false,"pivot":{"x":0.37825608253479006,"y":0.1636286973953247,"z":0.7577942609786987},"rotation":{"x":0.10586880892515183,"y":0.6648063063621521,"z":-0.09599112719297409,"w":0.7332213521003723},"size":0.5593398809432983,"orthographic":false}