{"cameraMode":{"drawMode":0,"name":"Shaded","section":"Shading Mode"},"sceneLighting":true,"audioPlay":false,"sceneViewState":{"showFog":false,"showMaterialUpdate":false,"showSkybox":false,"showFlares":false,"showImageEffects":false,"showParticleSystems":false},"in2DMode":false,"pivot":{"x":0.9489945769309998,"y":0.2685575485229492,"z":0.8191055655479431},"rotation":{"x":-0.3340698480606079,"y":-0.5169425010681152,"z":0.22899459302425385,"w":-0.7541438341140747},"size":2.805793285369873,"orthographic":false}