{"cameraMode":{"drawMode":0,"name":"Shaded","section":"Shading Mode"},"sceneLighting":false,"audioPlay":false,"sceneViewState":{"showFog":false,"showMaterialUpdate":false,"showSkybox":false,"showFlares":false,"showImageEffects":false,"showParticleSystems":false},"in2DMode":false,"pivot":{"x":-4.987525939941406,"y":7.761090278625488,"z":8.320001602172852},"rotation":{"x":-0.0013908453984186054,"y":0.9945893287658691,"z":-0.013427839614450932,"w":-0.10301125794649124},"size":10.186039924621582,"orthographic":false}