{"cameraMode":{"drawMode":0,"name":"Shaded","section":"Shading Mode"},"sceneLighting":true,"audioPlay":false,"sceneViewState":{"showFog":false,"showMaterialUpdate":false,"showSkybox":false,"showFlares":false,"showImageEffects":false,"showParticleSystems":false},"in2DMode":false,"pivot":{"x":1.0700929164886475,"y":-0.18254460394382478,"z":0.7256625890731812},"rotation":{"x":0.11334912478923798,"y":0.885743260383606,"z":-0.3388659954071045,"w":0.2962774932384491},"size":1.2715790271759034,"orthographic":false}