{"cameraMode":{"drawMode":0,"name":"Shaded","section":"Shading Mode"},"sceneLighting":false,"audioPlay":false,"sceneViewState":{"showFog":false,"showMaterialUpdate":false,"showSkybox":false,"showFlares":false,"showImageEffects":false,"showParticleSystems":false},"in2DMode":false,"pivot":{"x":-0.09478497505187988,"y":0.8799588680267334,"z":0.3917555809020996},"rotation":{"x":0.012464994564652443,"y":-0.79149329662323,"z":0.01614495739340782,"w":0.6108573079109192},"size":1.1965758800506592,"orthographic":false}