{"cameraMode":{"drawMode":0,"name":"Shaded","section":"Shading Mode"},"sceneLighting":false,"audioPlay":false,"sceneViewState":{"showFog":false,"showMaterialUpdate":false,"showSkybox":false,"showFlares":false,"showImageEffects":false,"showParticleSystems":false},"in2DMode":false,"pivot":{"x":0.15134578943252564,"y":-0.8919782638549805,"z":-0.48726367950439455},"rotation":{"x":0.1075659692287445,"y":0.818479597568512,"z":-0.5403457283973694,"w":0.16293375194072724},"size":1.6071066856384278,"orthographic":false}