{"cameraMode":{"drawMode":0,"name":"Shaded","section":"Shading Mode"},"sceneLighting":true,"audioPlay":false,"sceneViewState":{"showFog":false,"showMaterialUpdate":false,"showSkybox":false,"showFlares":false,"showImageEffects":false,"showParticleSystems":false},"in2DMode":false,"pivot":{"x":-1.8833909034729005,"y":-6.099707126617432,"z":-1.0899014472961426},"rotation":{"x":0.053426265716552737,"y":0.9063190221786499,"z":-0.40148061513900759,"w":0.12060718983411789},"size":6.107549667358398,"orthographic":false}