{"cameraMode":{"drawMode":0,"name":"Shaded","section":"Shading Mode"},"sceneLighting":false,"audioPlay":false,"sceneViewState":{"showFog":false,"showMaterialUpdate":false,"showSkybox":false,"showFlares":false,"showImageEffects":false,"showParticleSystems":false},"in2DMode":false,"pivot":{"x":-6.471027851104736,"y":-4.183307647705078,"z":11.936918258666993},"rotation":{"x":0.13859790563583375,"y":-0.8335164785385132,"z":0.24230389297008515,"w":0.4768102765083313},"size":1.9160091876983643,"orthographic":false}