{"cameraMode":{"drawMode":0,"name":"Shaded","section":"Shading Mode"},"sceneLighting":false,"audioPlay":false,"sceneViewState":{"showFog":false,"showMaterialUpdate":false,"showSkybox":false,"showFlares":false,"showImageEffects":false,"showParticleSystems":false},"in2DMode":false,"pivot":{"x":0.4318073093891144,"y":1.0847901105880738,"z":0.1822134256362915},"rotation":{"x":-0.15247784554958344,"y":0.8014270067214966,"z":-0.2303708791732788,"w":-0.5304774641990662},"size":1.4150971174240113,"orthographic":false}