{"cameraMode":{"drawMode":0,"name":"Shaded","section":"Shading Mode"},"sceneLighting":false,"audioPlay":false,"sceneViewState":{"showFog":false,"showMaterialUpdate":false,"showSkybox":false,"showFlares":false,"showImageEffects":false,"showParticleSystems":false},"in2DMode":false,"pivot":{"x":0.000025838613510131836,"y":-0.12177002429962158,"z":0.9528000354766846},"rotation":{"x":0.08746337890625,"y":-0.7869940400123596,"z":0.11489171534776688,"w":0.5998690724372864},"size":1.7320537567138672,"orthographic":false}