{"cameraMode":{"drawMode":0,"name":"Shaded","section":"Shading Mode"},"sceneLighting":false,"audioPlay":false,"sceneViewState":{"showFog":false,"showMaterialUpdate":false,"showSkybox":false,"showFlares":false,"showImageEffects":false,"showParticleSystems":false},"in2DMode":false,"pivot":{"x":0.0,"y":0.05000000074505806,"z":0.6430000066757202},"rotation":{"x":-0.5617057085037231,"y":-0.05402426794171333,"z":0.03678397089242935,"w":-0.8247568607330322},"size":0.7071067690849304,"orthographic":false}