{"cameraMode":{"drawMode":0,"name":"Shaded","section":"Shading Mode"},"sceneLighting":false,"audioPlay":false,"sceneViewState":{"showFog":false,"showMaterialUpdate":false,"showSkybox":false,"showFlares":false,"showImageEffects":false,"showParticleSystems":false},"in2DMode":false,"pivot":{"x":-1.3499748706817628,"y":0.6496169567108154,"z":1.2713347673416138},"rotation":{"x":-0.46119725704193118,"y":-0.2287503480911255,"z":0.12437023222446442,"w":-0.8482413291931152},"size":0.7079662680625916,"orthographic":false}