{"cameraMode":{"drawMode":0,"name":"Shaded","section":"Shading Mode"},"sceneLighting":false,"audioPlay":false,"sceneViewState":{"showFog":false,"showMaterialUpdate":false,"showSkybox":false,"showFlares":false,"showImageEffects":false,"showParticleSystems":false},"in2DMode":false,"pivot":{"x":0.09669315814971924,"y":0.6398892402648926,"z":1.1492507457733155},"rotation":{"x":0.020457714796066285,"y":-0.22536657750606538,"z":0.00473390705883503,"w":0.9740522503852844},"size":1.136843204498291,"orthographic":false}