{"cameraMode":{"drawMode":0,"name":"Shaded","section":"Shading Mode"},"sceneLighting":false,"audioPlay":false,"sceneViewState":{"showFog":false,"showMaterialUpdate":false,"showSkybox":false,"showFlares":false,"showImageEffects":false,"showParticleSystems":false},"in2DMode":false,"pivot":{"x":8.833876609802246,"y":0.42360782623291018,"z":8.57372760772705},"rotation":{"x":0.19255901873111726,"y":0.566942572593689,"z":-0.13837502896785737,"w":0.7889080047607422},"size":9.8171968460083,"orthographic":false}