{"cameraMode":{"drawMode":0,"name":"Shaded","section":"Shading Mode"},"sceneLighting":false,"audioPlay":false,"sceneViewState":{"showFog":false,"showMaterialUpdate":false,"showSkybox":false,"showFlares":false,"showImageEffects":false,"showParticleSystems":false},"in2DMode":false,"pivot":{"x":0.35890230536460879,"y":-0.22442308068275453,"z":0.012773454189300537},"rotation":{"x":0.028929604217410089,"y":-0.3250504732131958,"z":-0.009961215779185295,"w":-0.9452172517776489},"size":0.37185221910476687,"orthographic":false}