{"cameraMode":{"drawMode":0,"name":"Shaded","section":"Shading Mode"},"sceneLighting":false,"audioPlay":false,"sceneViewState":{"showFog":false,"showMaterialUpdate":false,"showSkybox":false,"showFlares":false,"showImageEffects":false,"showParticleSystems":false},"in2DMode":false,"pivot":{"x":0.11333371698856354,"y":0.0853201150894165,"z":-0.6818769574165344},"rotation":{"x":-0.004452567081898451,"y":-0.9955976009368897,"z":0.07269889861345291,"w":-0.05954207107424736},"size":0.6570827960968018,"orthographic":false}