{"cameraMode":{"drawMode":0,"name":"Shaded","section":"Shading Mode"},"sceneLighting":true,"audioPlay":false,"sceneViewState":{"showFog":false,"showMaterialUpdate":false,"showSkybox":false,"showFlares":false,"showImageEffects":false,"showParticleSystems":false},"in2DMode":false,"pivot":{"x":7.5780253410339359,"y":-3.547266721725464,"z":-4.865200519561768},"rotation":{"x":0.12082669138908386,"y":0.8232652544975281,"z":-0.19102512300014497,"w":0.5207231640815735},"size":5.494316577911377,"orthographic":false}