{"cameraMode":{"drawMode":0,"name":"Shaded","section":"Shading Mode"},"sceneLighting":false,"audioPlay":false,"sceneViewState":{"showFog":false,"showMaterialUpdate":false,"showSkybox":false,"showFlares":false,"showImageEffects":false,"showParticleSystems":false},"in2DMode":false,"pivot":{"x":-8.940696716308594e-8,"y":0.5,"z":-0.0018865615129470826},"rotation":{"x":-0.16002528369426728,"y":0.7681542634963989,"z":-0.21086126565933228,"w":-0.5829927325248718},"size":0.7418959736824036,"orthographic":false}