{"cameraMode":{"drawMode":0,"name":"Shaded","section":"Shading Mode"},"sceneLighting":false,"audioPlay":false,"sceneViewState":{"showFog":false,"showMaterialUpdate":false,"showSkybox":false,"showFlares":false,"showImageEffects":false,"showParticleSystems":false},"in2DMode":false,"pivot":{"x":-0.9130263328552246,"y":0.29930412769317629,"z":-0.2198994755744934},"rotation":{"x":0.3092004060745239,"y":-0.15174755454063416,"z":0.05015341192483902,"w":0.9375088810920715},"size":0.2593398988246918,"orthographic":false}