{"cameraMode":{"drawMode":0,"name":"Shaded","section":"Shading Mode"},"sceneLighting":false,"audioPlay":false,"sceneViewState":{"m_AlwaysRefresh":false,"showFog":false,"showSkybox":false,"showFlares":false,"showImageEffects":false,"showParticleSystems":false,"showVisualEffectGraphs":true,"m_FxEnabled":true},"in2DMode":false,"pivot":{"x":-1.1574941873550416,"y":0.4860000014305115,"z":0.9509923458099365},"rotation":{"x":0.049321405589580539,"y":-0.6624393463134766,"z":0.0437847338616848,"w":0.7462092041969299},"size":0.5228402018547058,"orthographic":false}